Post,Type,Sentence,Label
https://www.instagram.com/p/CghWkneD4dZ/,Comment,"DÃ¨s les premiÃ¨res pages, on peut constater un problÃ¨me de mÃ©thodologie dans les rÃ©sultats, quand bien mÃªme on pourrait le prendre comme une simple mise en bouche de l'opinion publique.",None
https://www.instagram.com/p/CghWkneD4dZ/,Reply,"@maxvandewiele penser quâ€™il y a trop dâ€™immigrÃ©s nâ€™est pas du racisme, lâ€™immigrÃ© nâ€™est pas une Â« race Â» Et ils peuvent sâ€™appuyer sur des arguments Ã©conomiques; culturels, patrimoniaux pour avancer cette pensÃ©e Donc pas du racisme",None
https://www.instagram.com/p/CghWkneD4dZ/,Reply,@dv.antoine c'est magnifique ce que tu dis parce que c'est faux.,Bullying
https://www.instagram.com/p/CghWkneD4dZ/,Reply,@maxvandewiele en quoi?,None
https://www.instagram.com/p/CghWkneD4dZ/,Reply,"@dv.antoine content que tu pose la question : une opinion qui prÃ´ne ouvertement qu'un individu ou un groupe non issu de son milieu/communautÃ©, on va pas se mentir, c'est pas trÃ¨s ouvert comme mentalitÃ©. Qui plus est quand Ã§a cherche Ã  dÃ©montrer via des chiffres ou des arguments, pertinent ou non. Les statistiques ici ne cherchent pas Ã  consolider une affirmation, au contraire, ici Ã§a cherche Ã  dÃ©velopper autour d'une question Ã  caractÃ¨re simple. Ton opinion est de facto raciste car tu cherche Ã  justifier des propos qui encense une politique nationaliste, quand elle n'est pas isolationniste voire separatiste. Ã€ toi de voir maintenant si c'est encore pertinent de maintenir ce que tu cherche Ã  avancer, ou tu peux juste accepter que oui, il n'y a pas besoin de compas idÃ©ologique pour voir du racisme dans des propos raciste.",None
https://www.instagram.com/p/CghWkneD4dZ/,Reply,"@maxvandewiele mdrrrr donc selon toi nationalisme = racisme Donc pour toi, ne pas accueillir tous les immigrÃ©s = racisme ? Tu connais les frontiÃ¨res ?",Bullying
https://www.instagram.com/p/CmL7WF8Ijtt/,Comment,"Les marocains ont bien brÃ»lÃ© des caisses quand ils ont gagnÃ© contre lâ€™espagne, chacun montre sa joie a sa faÃ§on ^^",None
https://www.instagram.com/p/CmL7WF8Ijtt/,Reply,@robin.glck42 donc il on le droit de montrer leur joie en allant tabasser lâ€™autre camp,Racism
https://www.instagram.com/p/CmL7WF8Ijtt/,Reply,@anis.benn7 comment Ã§a ?,None
https://www.instagram.com/p/CmL7WF8Ijtt/,Reply,@anis.benn7 laisse il fais trop lâ€™aveugle ce guignol de francais,Bullying
https://www.instagram.com/p/CmL7WF8Ijtt/,Reply,@vinz_m78 Alors parcontre le racisme câ€™est pas ouf ouf,Bullying
https://www.instagram.com/p/CmL7WF8Ijtt/,Reply,"@robin.glck42 bah lÃ  pour montrer leurs ""joie"" comme tu dit ils sont partis tabassÃ©s des supporters marocains qui Ã©taient isolÃ©s",Bullying
https://www.instagram.com/p/CmL7WF8Ijtt/,Reply,@atxm.tr câ€™est exactement ce a quoi jâ€™ai fait rÃ©fÃ©rence,None
https://www.instagram.com/p/CmL7WF8Ijtt/,Reply,@robin.glck42 ah bah tâ€™es tout simplement dÃ©nuÃ© dâ€™humanitÃ© hyn,Bullying
https://www.instagram.com/p/CmL7WF8Ijtt/,Reply,@atxm.tr pourquoi donc?,None
https://www.instagram.com/p/CmL7WF8Ijtt/,Reply,@robin.glck42 Tu ose comparÃ© le fait que des gens brÃ»lent des voitures et le fait que des personnes qui nâ€™ont rien demandÃ© ce fassent tabassÃ©s,Bullying
https://www.instagram.com/p/CmL7WF8Ijtt/,Reply,"@atxm.tr les gens qui se sont fait brÃ»ler leurs voitures nâ€™ont rien demandÃ© non plus, certains ont du perdre Ã©normÃ©ment dâ€™argent (avc lâ€™assurance et les jours sans pouvoir aller au travail), perso on mâ€™a dÃ©jÃ  brÃ»lÃ© mon vÃ©hicule a nouvel an, jâ€™ai perdu mon emploi, Ã©normÃ©ment dâ€™argent, et beaucoup de temps",None
https://www.instagram.com/p/CmL7WF8Ijtt/,Reply,"@robin.glck42 Donc un innocent a subit un prÃ©judice, la solution est dâ€™attaquer dâ€™autres innocents qui ont la mÃªme tÃªte que les coupables plutÃ´t que seulement les individus coupables â€¦? Triste",Bullying
https://www.instagram.com/p/CmL7WF8Ijtt/,Reply,@robin.glck42 et cela ne justifie en rien dâ€™en arriver aux mains,None
https://www.instagram.com/p/CmL7WF8Ijtt/,Reply,"@ouverture_d_infos non, câ€™est une action individuelle je supose? Personnellement je trouve que les 2 actes nâ€™avait pas lieux dâ€™Ãªtre",None
https://www.instagram.com/p/CmL7WF8Ijtt/,Reply,"@atxm.tr oui jâ€™ose comparÃ© que des gens innocents se fassent brÃ»lÃ© leurs moyens de transport et se retrouve pÃ©nalisÃ© au quotidien pendant plusieurs mois, et une descente ou des personnes ont Ã©tÃ© violentÃ©s?",None
https://www.instagram.com/p/CmL7WF8Ijtt/,Reply,@robin.glck42 et bah effectivement tu est dÃ©nuÃ© dâ€™humanitÃ©,Bullying
https://www.instagram.com/p/CmL7WF8Ijtt/,Reply,@vinz_m78 pourquoi tu as besoin de prÃ©ciser qu'il est franÃ§ais ? ta un problÃ¨me avec les franÃ§ais ?,Bullying
https://www.instagram.com/p/CmL7WF8Ijtt/,Reply,@robin.glck42 Bien sÃ»r que les 2 actes nâ€™ont pas lieu dâ€™Ã©tÃ©. Mais vous semblez lÃ©gitimer celui des gens dâ€™extrÃªme-droite,None
https://www.instagram.com/p/CmL7WF8Ijtt/,Reply,"@ouverture_d_infos je nâ€™en lÃ©gitime aucun des deux, sinon je suis dâ€™accord avec votre commentaire",None
https://www.instagram.com/p/CmL7WF8Ijtt/,Reply,@robin.glck42 Â« les marocains ont bien brÃ»lÃ© [â€¦] chacun montre sa joie Ã  sa faÃ§on Â»â€¦ Ã§a porte Ã  confusionâ€¦,None
https://www.instagram.com/p/CmL7WF8Ijtt/,Reply,"@ouverture_d_infos Dutout, justement jr dis que les 2 ont bien la mÃªme faÃ§on de penser",Bullying
https://www.instagram.com/p/CmL7WF8Ijtt/,Reply,@robin.glck42 Dans ce cas lÃ  dâ€™acc ğŸ‘ŒğŸ‘,None
https://www.instagram.com/p/CmL7WF8Ijtt/,Reply,@alexandreperrichot nan mais vous avez trop un problÃ¨me avec les Ã©trangers alors que la france est partit piller et tuer ces pays lÃ  guignol donc ferme la,Bullying
https://www.instagram.com/p/CmL7WF8Ijtt/,Reply,@vinz_m78 toi tâ€™as arrÃªtÃ© lâ€™histoire en 3e et apres tâ€™as suivis les cours combini,Bullying
https://www.instagram.com/p/CmL7WF8Ijtt/,Reply,@robin.glck42 non je dit juste la vÃ©ritÃ© encore un franÃ§ais qui connais pas lâ€™histoire de sont pays justement tu fais trop lâ€™aveugle,Bullying
https://www.instagram.com/p/CmL7WF8Ijtt/,Reply,@vinz_m78 et non les franÃ§ais non rien contre les Ã©trangers d'ailleurs on travaille avec et on en fait venir sur notre territoire plus que n'importe quelle pays depuis des siÃ¨cles,None
https://www.instagram.com/p/CmL7WF8Ijtt/,Reply,@vinz_m78 DÃ©solÃ© jâ€™ai du rater mes 2 annÃ©es de fac dâ€™histoire ducoup :/,Bullying
https://www.instagram.com/p/CmL7WF8Ijtt/,Reply,"@alexandreperrichot le pire câ€™est quâ€™il sâ€™appelle vincent mdrrr et il dit ""lâ€™autre franÃ§ais"" @vinz_m78",Hate Speech
https://www.instagram.com/p/CMhm7dFhKWy/,Comment,"Je suis un homme et j'ai l'impression de mieux connaitre le terme ""fÃ©minisme"" que la plupart d'entre vous... Ã§a fait peur certains commentaires... j'ai l'impression que vous ne cherchez pas l'Ã©galitÃ© mais le jugement en pointant du doigt des situations qui vous sont arrivÃ©es pour donner du crÃ©dit Ã  un mouvement de haine envers l'homme. La pensÃ©e d'un homme ""normal"" ps: sinon la publi est bien ğŸ‘ğŸ˜…",Sexism
https://www.instagram.com/p/CMhm7dFhKWy/,Reply,"@julien_cinhey Je connais la dÃ©finition du fÃ©minisme merci. Je vais t'en donner une autre."" Mansplaining: câ€™est quand un homme explique Ã  une femme dâ€™un ton condescendant, sur un sujet qui la concerne elle, quâ€™elle a tort de penser ce quâ€™elle pense, de dire ce quâ€™elle dit."" On parle d'une situation que TOUTES les femmes ont connues, connaissent ou connaÃ®trons. Alors qu'un homme Ã  peu de chance de la vivre. On veut l'Ã©galitÃ©. Donc on veut, comme un homme avoir cette infime chance que Ã§a nous arrive. Bonne nuit "" Homme normal""ğŸ˜‚",Sexism
https://www.instagram.com/p/CMhm7dFhKWy/,Reply,@demoiselleamienoise le sujet nous concerne tous ğŸ¤¦â€â™‚ï¸ et visiblement ce n'est pas moi qui ai besoin de sommeil. Quand tu seras reposÃ© essaye de comprendre le message ğŸ™ merci pour la def je ne la connaissais pas mÃªme si elle est hors contexte tu l'illustre plutÃ´t bien ğŸ‘,Sexism
https://www.instagram.com/p/CMhm7dFhKWy/,Reply,"@julien_cinhey J'ai parfaitement compris ton message. A savoir que tu estime que les gens ici ne cherche qu'Ã  crÃ©e un conflit, pour un ""mouvement de haine vers les hommes"". Ce qui est faux, ils s'agit de tÃ©moignages qui appuis cette publi. Bizarrement, je ne t'ai par contre pas vu interpeller les quelques Trolls qui eux Ã©taient rÃ©ellement lÃ  pour chercher un conflit...et qui eux, ne connaissent pas cette fameuse dÃ©finition....",Sexism
https://www.instagram.com/p/CMhm7dFhKWy/,Reply,"@demoiselleamienoise ""les gens ici ne cherche qu'Ã "" ce ne sont pas mes propos. Bref. Les rÃ©seaux sociaux quoi... bonne journÃ©e ğŸ–",Bullying
https://www.instagram.com/p/CMhm7dFhKWy/,Reply,"@julien_cinhey "" j'ai l'impression que vous ne chercher pas l'Ã©galitÃ© mais le jugement en pointant du doigt des situation...donner du crÃ©dit Ã  un mouvement de haine envers les hommes"" ce sont bien tes mots non?Ne joue pas dessus donc, tu as dis la mÃªme chose de maniÃ¨re dÃ©tourner mais Ã§a ne change rien. Si tu pense que tÃ©moigner de notre vÃ©cu signifie crÃ©er un mouvement de ""haine envers les hommes"" c'est que tu n'as rien compris ou que tu as un truc Ã  te reprocher....dailleurs ton ""homme normal"" n'avait aucun besoin d'Ãªtre ajouter si vraiment tu comprenais.",Bullying
https://www.instagram.com/p/CMhm7dFhKWy/,Reply,"@demoiselleamienoise tu n'as rien compris ğŸ¤¦â€â™‚ï¸ et tu interprÃ¨tes bizarrement les choses. J'ai donc une question Ã  te poser. Penses tu, aujourd'hui, que certains hommes sont pointÃ©s du doigt Ã  cause d'actes d'autres hommes? En ce qui me concerne je vois le fÃ©minisme comme une bonne chose. Ce qui me fait peur c'est son dÃ©tournement. Ce qui Ã©tait l'objet de mon message initial. Autour d'un verre c'est tellement plus simple ğŸ¤¦â€â™‚ï¸ d'ailleurs 13h10... j'te laisse ğŸº",Bullying
https://www.instagram.com/p/CMhm7dFhKWy/,Comment,Vous Ãªtes tous lamentable Ã  vous plaindre pour rien mais c'est les rÃ©seaux sociaux Ã§a,Bullying
https://www.instagram.com/p/CMhm7dFhKWy/,Reply,@lamya_zouine bon dÃ©jÃ  tu t'es auto like donc c'est rigolos et tu ne vivras jamais le centiÃ¨me de ce que j'ai vÃ©cu donc arrÃªte d'essayer de te faire plaindre comme si tu avais la vie la plus horrible juste parce que on te siffle,Bullying
https://www.instagram.com/p/CMhm7dFhKWy/,Reply,@lamya_zouine et je pense que tu as pas plus de 20 ans comme les 3/4 des meufs qui ont aucun vÃ©cu,Sexism
https://www.instagram.com/p/CMhm7dFhKWy/,Reply,"@njordignir_ bah dÃ©jÃ  sa arrive de pas faire gaffe de se liker mdr, et aprÃ¨s quand on te siffle h24, qu'on te touche les fesses ect mÃªme si c'est pas la mort c'est quand mÃªme quelque chose qui devrait plus exister",None
https://www.instagram.com/p/CMhm7dFhKWy/,Reply,"@njordignir_ oui j'ai 15 ans et ? MÃªme si j'ai pas vÃ©cu Ã§a personnellement, j'ai h24 peur d'Ãªtre dans la rue, j'ai peur des gars trÃ¨s clairement, que si il me parle, qu'il me suive, qui force poir que je lui passe mon 06 et autre",None
https://www.instagram.com/p/CMhm7dFhKWy/,Reply,"@njordignir_ et on a souvent forcÃ© sur les rÃ©seaux, jeux en lignes pour avoir mon snap etc mÃªme aprÃ¨s avoir dit que jz le passait pas, que j'Ã©tais pas intÃ©ressÃ© ect",None
https://www.instagram.com/p/CMhm7dFhKWy/,Reply,@lamya_zouine juste il faut arrÃªter moi aussi quand je vais dans la rue j'suis pas confiant rien avoir avec le fait d'Ãªtre un homme ou une femme je peux aussi bien me faire Ã©clater,None
https://www.instagram.com/p/CMhm7dFhKWy/,Reply,@lamya_zouine aprÃ¨s jsuis dÃ©solÃ© de te dire Ã§a mais malheureusement les abrutis dans ce genre il y en a pour longtemps encore,None
https://www.instagram.com/p/CMhm7dFhKWy/,Reply,"@njordignir_ oui et malheureusement mais le pire c'est que si c'est dans ma rue/transport en commun ect presque personne rÃ©agi Ã  se genre de comportement, et perso mÃªme si j'Ã©tais un homme je n'aurais jamais aussi peur que les filles, je trouve pas normal que Ã  15 ans j'ai dÃ©jÃ  peur de marcher dans la rue.",None
https://www.instagram.com/p/CMhm7dFhKWy/,Reply,"@njordignir_ et j'ai pas peur de me faire Ã©clatÃ©, j'ai peur que un gars vienne me voir, qu'aprÃ¨s un refus il insiste, qu'il me suive ect, Ã  chaque fois que je croise un gars qui me regarde je me met sur mes gardes,aussi sa met dÃ©jÃ  arriver qu'un gars en voiture ralentisse Ã  mon niveau et me regarde, j'ai tellement eu peur qu'il fasse demi tour que j'ai spritter jusqu'Ã  chez moi",None
https://www.instagram.com/p/CMhm7dFhKWy/,Reply,@lamya_zouine si un homme peut avoir aussi peur qu'une femme c'est juste des clichÃ©s de merde tu vois pourquoi on dit que les hommes sont les persÃ©cuteurs parce que des femmes disent que c'est impossible qu'ils soient pas,None
https://www.instagram.com/p/CMhm7dFhKWy/,Reply,@lamya_zouine c'est dÃ©jÃ  arrivÃ© Ã  bien des hommes aussi seulement on le dit jamais,None
https://www.instagram.com/p/CMhm7dFhKWy/,Reply,"@njordignir_ non mais je veux dire, que dans ce cas precis je pense pas que tu es peur, aprÃ¨s jsp mais ta peur qu'une femme te suive dans la rue et te demande ton snap ? Rep sÃ©rieusement, si oui bah dsl je savais pas et si non c'est bien la preuve que celon les situations on a pas la mÃªme peur(ma phrase na pas de sens mais oklmğŸ˜‚)",None
https://www.instagram.com/p/CMhm7dFhKWy/,Reply,@lamya_zouine c'est pas vraiment Ã§a que je disais c'est que si une meuf me suis pour mon snap j'vais pas en faire un tout un plat et ensuite si tu as peur fais des sports de combat comme Ã§a tu auras plus peur,None
https://www.instagram.com/p/CMhm7dFhKWy/,Reply,"@njordignir_ oui, j'en suis consciente, c'est comme le viol ect mais malheureusement c'est plus a la femme que sa arrive et on nous prend pas au sÃ©rieux,exemple du viol, on va dire que c'est la faute dela femme car elle shabille comme une ****, que c'est sÃ»rement elle qu'il la draguÃ© ect, je pense que le plus gros dÃ©faut de la sociÃ©tÃ© c'est l'inÃ©galitÃ© homme femme, et mÃªme si un homme Ã  vÃ©cu une chose horrible, souvent la femme qui a vÃ©cu la mÃªme chose ne sera pas traitÃ© pareil 1)",None
https://www.instagram.com/p/CMhm7dFhKWy/,Reply,"@njordignir_ et j'ai un 2Ã¨me exemple, quand un gars sort avec plusieurs filles, c'est un bad boy, un bg, quand une fille sort avec plein de mec c'est une sal*pe",None
https://www.instagram.com/p/CMhm7dFhKWy/,Reply,"@njordignir_ bah j'ai fait de la boxe, et je sais trÃ¨s bien que si un gars vient me parler et qu'il force je vais vite le calmer, mais c'est pas juste 1 gars qui me fait peur, car ce qui me fait vraiment peur c'est quand ils sont plusieurs, et aprÃ¨s je suis dacc que c'est pas un drame mais il faut quand mÃªme en parler",None
https://www.instagram.com/p/CMhm7dFhKWy/,Reply,@lamya_zouine Evidement. Encore un pauvre chou qui n'est pas content de plus pouvoir se comporter comme un connard...,Bullying
https://www.instagram.com/p/CMhm7dFhKWy/,Reply,"@njordignir_ frero, on s'habille comme on veut. Si vous Ãªtes des violeurs en chien, allez vous meme vous faire soigner en psychiatrie",Bullying
https://www.instagram.com/p/CMhm7dFhKWy/,Reply,@ana.mssn t'inquiÃ¨te toi tu t'habilles comme tu veux avec ta gueule ta pas de risque de te faire baiser par quoi que ce soit,Bullying
https://www.instagram.com/p/CMhm7dFhKWy/,Reply,"@njordignir_ mec, tu fais l'apologie du viol, tu pense comme un violeur. Tu es dangereux, tu t'en rends compte de Ã§a au moins ????",Bullying
https://www.instagram.com/p/CMhm7dFhKWy/,Reply,@njordignir_ thon,Bullying
https://www.instagram.com/p/CMhm7dFhKWy/,Reply,"@ana.mssn Ecoute pas le connard, tu es trÃ¨s belle. Lui il ose mÃªme pas mettre de photo de lui, Ã§a en dit long...ğŸ˜‚lÃ¢chetÃ© booonnnjour.",Bullying
https://www.instagram.com/p/CMhm7dFhKWy/,Comment,Le rapport avc le fÃ©minisme le fÃ©minisme et dans l'extrÃªme divisÃ© homme femme oui c'est horrible se que l'on vie mais il ne sont pas tous comme Ã§a ok !,None
https://www.instagram.com/p/CMhm7dFhKWy/,Reply,@jadoulucia MERCI PUTAIN ENFIN UN TRUC AVEC UN CERVEAU c'est pas commun l'air de rien,None
https://www.instagram.com/p/CMhm7dFhKWy/,Reply,"@jadoulucia Ouvre un dico ou au piiiiiiire une page google et va lire la dÃ©finition du fÃ©minisme, merciğŸ˜.",None
https://www.instagram.com/p/CMhm7dFhKWy/,Reply,@demoiselleamienoise nn merci c'est folles ne m'intÃ©resse pas,Sexism
https://www.instagram.com/p/CMhm7dFhKWy/,Reply,"@jadoulucia Ah donc tu prÃ©fÃ¨re rester dans ta connerie? Parce que visiblement tu n'a aucune idÃ©e de quoi tu parle....mais c'est vrais que les insultes gratuite sont l'apanage des gens sans arguments.ğŸ˜‚ Petit rappel, FÃ©minisme: Doctrine qui prÃ©conise l'Ã©galitÃ© entre l'homme et la femme, et l'extension du rÃ´le de la femme dans la sociÃ©tÃ©. VoilÃ  voilÃ ğŸ˜ğŸ˜ğŸ˜",Bullying
https://www.instagram.com/p/CMhm7dFhKWy/,Comment,Parce quâ€™on en a marre du patriarcat,None
https://www.instagram.com/p/CMhm7dFhKWy/,Reply,@mikrokosluv ptdr,None
https://www.instagram.com/p/CMhm7dFhKWy/,Reply,@mikrokosluv tu peux venir argumenter stp non Ã©videment,None
https://www.instagram.com/p/CMhm7dFhKWy/,Reply,@gn68324 je mâ€™en bas les ovaires,None
https://www.instagram.com/p/CMhm7dFhKWy/,Reply,@njordignir_ si tu le vois pas ce patriarcat je te conseille dâ€™aller faire quelque chose pour ta vision en attendant ne me fait pas chier,Bullying
https://www.instagram.com/p/CMhm7dFhKWy/,Reply,@mikrokosluv oh je suis trÃ¨s bien renseignÃ© dessus c'est plutÃ´t toi qui devrais essayer d'Ã©tendre un petit peu plus ta vision des choses,Bullying
https://www.instagram.com/p/CMhm7dFhKWy/,Reply,"@nickt_alop le rapport avec le fÃ©minisme ? Et en plus tu ferai mieux de fermer ta gueule, je suis mÃ©tisse ptdrr achÃ¨te toi des yeux",Bullying
https://www.instagram.com/p/CMhm7dFhKWy/,Reply,@nickt_alop donne moi le rapport entre le dÃ©bat quâ€™il y a lÃ  et ses origine ou sa couleur de peau ?,None
https://www.instagram.com/p/CMhm7dFhKWy/,Reply,@nickt_alop putain mais alors vous on en fait de plus en plus ou quoi ? ComplÃ©ment con c'est pas possible. On est dans une sociÃ©tÃ© ou la femme ne peut pas s'habiller comme elle veut sans recevoir des insultes ou des remarques. Alors parle pas de privilÃ¨ge. Incroyablement con,Bullying
https://www.instagram.com/p/CMhm7dFhKWy/,Comment,En quoi le fÃ©minisme va changer Ã§a ?,None
https://www.instagram.com/p/CMhm7dFhKWy/,Reply,@guevara_duff rien Ã©videmment mais c'est l'utopie des mal baisÃ©e des gros et des faibles,Sexism
https://www.instagram.com/p/CMhm7dFhKWy/,Reply,"@guevara_duff En gros? C'est censÃ© faire Ã©voluer les mentalitÃ©s( en plus de nos droit). Si un homme dit ""non je suis pas interresser"" et qu'on l'ecoute/on l'accepte. Eh bien on doit faire la mÃªme chose pour une femme. Mais c'est toujours hilarant que le premier rÃ©flexe soit toujours d'insulter les femmes "" de mal baisÃ©e"" ou autre. Ã‡a dÃ©montre bien ce qui est dÃ©noncer ici. Certains mecs ont un tels Ã©go qui refusent d'accepter qu'une femme ne veuille pas d'eux...Affligeant...non?",None
https://www.instagram.com/p/CMhm7dFhKWy/,Reply,"@njordignir_ mdr des mal baisÃ©e cest clair quand on sait que 77% des femmes simulent avec vous et votre ""zizi magique"" qui est en rÃ©alitÃ© utile qu'Ã  se faire avorter ya de quoi vous envoyer chier quand vous nous parlez",Bullying
https://www.instagram.com/p/CMhm7dFhKWy/,Reply,Alors je tiens Ã  te signaler que tu viens tout juste de confirmer mes propos en disant que vous Ã©tiez des mal baisÃ©e donc je ni peux rien c'est les bougres que vous vous tapez rÃ©flÃ©chissent avec leur bites pour ma part ce n'est pas mon cas et le rapport avec l'avortement ? Oui aucuns,Sexism
https://www.instagram.com/p/CMhm7dFhKWy/,Reply,@njordignir_ @kurtdedankills,None
https://www.instagram.com/p/CMhm7dFhKWy/,Reply,"@njordignir_ bah ouais on est des mal baissÃ©es que quand on fait avec vous cest Ã§a que je te dis, sÃ©rieusement tu vois pas le rapport entre un pÃ©nis et un avortement ?",Bullying
https://www.instagram.com/p/CMhm7dFhKWy/,Reply,Alors euh comme je te disais ce n'est pas ma faute si les bougres que tu prends pour ken son nul ensuite si tu simules tu es stupide le principe d'un couple si tu veux que Ã§a tienne c'est de tout se dire mtn faut arrÃªter de croire que c'est que aux hommes de tout faire dans un couple et au pire deviens lesbienne en revanche je doute fort que Ã§a soit plus convaincant,None
https://www.instagram.com/p/CkqWuNtKLgc/?hl=en,Comment,"Pas du tout.. quelque soit la couleur de peau. Le phÃ©nomÃ¨ne de communautarisme est le mÃªme, ce nâ€™est pas parce que nous lâ€™utilisons moins que les blancs que ce mot doit perdre de son sens. Quand je vois des blancs qui plus est du mÃªme pays ne vivre quâ€™ensemble dans le mÃªme quartier et traÃ®ner quâ€™ensemble je pense quâ€™il faut pas avoir peur dâ€™appeler cela communautarisme. Yâ€™a rien dâ€™autre Ã  chercher, jâ€™entends des gens de couleur sâ€™auto proclamer dâ€™une diaspora, alors que ce nâ€™est pas le vrai sens du mot et que câ€™est juste une faÃ§on dÃ©tournÃ©e de ne pas dire communautarisme et de laisser ce mot aux blancs, mais faut pas aller chercher un sens cache ou il nâ€™y en a pasâ€¦ elle confonds sÃ»rement avec lâ€™amalgame quand elle parle dâ€™individualitÃ© et Ã§a câ€™est un autre problÃ¨me qui la encore nâ€™est pas propre aux blancs, on en fait tous..",None
https://www.instagram.com/p/CkqWuNtKLgc/?hl=en,Reply,@kidkenny tu ne dis rien garde ta salive,Bullying
https://www.instagram.com/p/CkqWuNtKLgc/?hl=en,Reply,@moyza37 bel argumentaire ğŸ‘,None
https://www.instagram.com/p/CkqWuNtKLgc/?hl=en,Reply,@kidkenny ğŸ˜‚ les blancs toujours Ã  l affÃ»t de ce qu on peut dire . Quitte y a d'autres pages si t es pas content,Bullying
https://www.instagram.com/p/CkqWuNtKLgc/?hl=en,Reply,"@moyza37 si tu nâ€™es pas capable dâ€™entendre un avis contraire Ã  ta doctrine et prendre un minimum de recul câ€™est pas Ã  moi de mâ€™en aller. Jâ€™ai juste exprimÃ© clairement pourquoi je pense quâ€™elle se trompe, câ€™est sÃ»rement une trÃ¨s bonne rappeuse et elle a certainement raisons sur plein de choses mais lÃ , yâ€™a rien, elle dit juste â€œon nous traite de communautaristes pour nous discriminerâ€ alors que câ€™est un mot neutre qui dÃ©crit un phÃ©nomÃ¨ne de sociÃ©tÃ©, elle peut tout Ã  fait lâ€™utiliser pour parler dâ€™autres communautÃ©s Ã§a sera pas plus discriminant. Le fait quâ€™on se sente discriminÃ© par cela est plus inquiÃ©tant sur lâ€™estime que la communautÃ© noire a dâ€™elle mÃªme par contre.. aprÃ¨s si tu penses que jâ€™ai tort, je veux bien entendre tes arguments.",None
https://www.instagram.com/p/CkqWuNtKLgc/?hl=en,Reply,@kidkenny vire je te lis mÃªme pas ! ğŸ¤¡ğŸ¤¥,Bullying
https://www.instagram.com/p/CkqWuNtKLgc/?hl=en,Reply,@kidkenny rÃ©servÃ©e Ã  notre communautÃ© t es jaloux je ne discute avec vous . On nous traitera d'antisÃ©mitesğŸ¥´ğŸ˜‚ c est Ã  la mode. Les blancs et leur point de vue dur notre communautÃ© noire ne m m'interresse pas. Interresse toi awla tienne et a la pÃ©dophilie rampante chez vous,Hate Speech
https://www.instagram.com/p/CkqWuNtKLgc/?hl=en,Reply,"@moyza37 wow ok, dÃ©jÃ  tu parles Ã  qui ? Car non seulement je suis noir, mais en plus on ne combat pas la discrimination par de la discrimination : câ€™est pas en excluant les blancs/autres que tu vas rÃ©gler tes problÃ¨mes. Ensuite le rapport avec lâ€™anti sÃ©mitisme et pÃ©dophilie ? Je comprends mieuxâ€¦",None
https://www.instagram.com/p/CkqWuNtKLgc/?hl=en,Reply,@moyza37 tâ€™es sÃ»r que câ€™est pas toi le troll lÃ  ? Ce que tu dis nâ€™a aucun sens..,Bullying
https://www.instagram.com/p/CkqWuNtKLgc/?hl=en,Reply,@kidkenny ğŸ¤¡ğŸ¤¡ğŸ¤¡ğŸš®,Bullying
https://www.instagram.com/p/CiMeJ_Mqv1M/?hl=en,Comment,Mouais c est un peu le drama pour pas grand chose... Et la personne qui filme et braille Ã  tout va ne fait que rajouter du pathos de faÃ§on bien exagÃ©rÃ©e...calmons nous un peu,Bullying
https://www.instagram.com/p/CiMeJ_Mqv1M/?hl=en,Reply,@jc_barron_ sa se voit tu fait partie de c'est matcho qui tabasse les femmes,Hate Speech
https://www.instagram.com/p/CiMeJ_Mqv1M/?hl=en,Reply,@jc_barron_ je te souhaite d'Ãªtre Ã  leur place ğŸ˜‰ on verra si on parle toujours de drama barron de mes c*uilles.,Bullying
https://www.instagram.com/p/CiMeJ_Mqv1M/?hl=en,Reply,@aka_ice_man haha allez je parie un point Godwin en 3 coups ğŸ˜‚,Bullying
https://www.instagram.com/p/CiMeJ_Mqv1M/?hl=en,Reply,@jc_barron_ des gars comme toi j'en est tabassÃ© par centaine pour mes copines ce qui me choque c'est que vous Ãªtes des bÃªtes dÃ©chaÃ®nÃ© face Ã  vos femme par contre quand il s'agit de tÃªte Ã  tÃªte je vous sÃ¨che en 2 second chrono sa commence Ã  pleurÃ© Ã  dire des mÃªle toi de tes affaires lol,Bullying
https://www.instagram.com/p/CiMeJ_Mqv1M/?hl=en,Reply,"@aka_ice_man mais t es un troll en fait ? Ou alors vu tes propos t 'as une relation a l'emploi de la force et de la violence physique justement pas mal problÃ©matique. Un peu comme les flics en fait.. ArrÃªte de te la jouer chevalier blanc, les femmes mÃªme voilÃ©es n' ont pas besoin de toi et te tes ptits poings musclÃ©s pour se dÃ©fendre redescend. Cette Ã©change respÃ©ctueux et constructif est clos pour ma part",Bullying
https://www.instagram.com/p/CiMeJ_Mqv1M/?hl=en,Reply,"@no_name.anything c est quoi le rapport avec mon nom lÃ  dedans ? Et je te permet pas de l'insulter stp, c'est un peu un amalgame de facho Ã§a... Je manque de respect Ã  personne j'aimerais bien qu'on en fasse autant. Je trouve que c est pas une arrestation ultre violente non plus, meme si Ã§ est surement traumatisant pour cette dame, en mm tps ya aucun contexte dans cette vidÃ©o et les gens s'emballent ! Faut arrÃªter de faire le mouton et de se faire enflammer juste avc des images hors contexte. Les gens sont en plein craquage en ce moment ! Et ton propos Ã  mon Ã©gard en est bien la preuve",Bullying
https://www.instagram.com/p/CiMeJ_Mqv1M/?hl=en,Reply,"@no_name.anything et en effet je suis non racisÃ© cis blanc mÃ¢le et jai pourtant aussi subi des abus de pouvoir de la part des flics, c est fou dis donc ğŸ™„ Les flics sont mal recrutÃ©s mal formÃ©s et partiellement racistes mais Ã§a c est depuis leur fondation de tte faÃ§on",None
https://www.instagram.com/p/CiMeJ_Mqv1M/?hl=en,Reply,"@jc_barron_ ""un peu le drama pour pas grand chose"" ""rajouter du pathos bien exagÃ©rÃ©"" genre c'est une comedia del arte? mais tu te relis ou tu casses des Å“ufs? L'empathie tu connais pas..? Tu manques de respect en minimisant leurs actes. Tu aurai dit la mÃªme chose si c'Ã©tait arrivÃ© Ã  ta mÃ¨re ou ta fille? Cette indiffÃ©rence Ã§a m'Ã©cÅ“ure. Perso j'ai le contexte, le son et les images et ce qu'il se passe n'est pas normal. Ton commentaire est dÃ©placÃ©, avant de faire le mec outrÃ© ""calmons nous un peu"" renseigne toi et rÃ©veille toi, rÃ©agis! Quelqu'un se fait violenter et tu reste passif, mais quelle audace...",Bullying
https://www.instagram.com/p/CiMeJ_Mqv1M/?hl=en,Reply,"@no_name.anything eh bien ne t'en dÃ©plaise mais selon moi, rien dans cette extrait ne permet de juger de quoi que ce soit... Sans contexte on peut faire dire n'importe quoi Ã  des images.. L'idÃ©e de fond serait qu'on rÃ©ussissent Ã  se passer du corps policier, mais Ã  la vue des propos comme les tiens ou des menaces de l'autre crÃ©tin qui m'a rÃ©pondu, les gens sont loin d'Ãªtre assez maÃ®tres d 'eux mÃªme pour savoir s' auto-gÃ©rer, faire preuve de tempÃ©rance et maintenir la paix sociale. La sociÃ©tÃ© est de plus en plus violente et la police est Ã  son image (et oui en effet si Ã§a avait Ã©tÃ© ma mÃ¨re ou ma copine, je leur aurais certainement sautÃ© au cou, mais Ã§a n'aurait certainement pas Ã©tÃ© la bonne faÃ§on d'agir non plus)",Bullying
https://www.instagram.com/p/CiMeJ_Mqv1M/?hl=en,Reply,"@jc_barron_ ""juger quoi que ce soit sans le contexte"" bah demande le contexte gros malin, renseigne toi! Je ne m'indigne pas si un terroriste se fait buter, quand tu fais de la merde y a des consÃ©quences. LÃ , en l'occurrence aprÃ¨s m'Ãªtre renseignÃ©e, oui, je m'indigne en fait. Traverser une rue ne mÃ©rite pas autant de violence.",Bullying
https://www.instagram.com/p/Cg9rIZPITOC/,Comment,Pauvres Ã©lus de la nupes mouvement qui puent,Bullying
https://www.instagram.com/p/Cg9rIZPITOC/,Comment,Il a toujours puÃ© et encore plus depuis quâ€™il a rejoins les nupes !,Bullying
https://www.instagram.com/p/Cg9rIZPITOC/,Comment,Mais quel gros CO!#NARD !!!!!!,Bullying
https://www.instagram.com/p/Cg9rIZPITOC/,Comment,Ce type est Ã  vomir ğŸ¤® de bÃªtise humaine et alimentant l antisemitisme. Quelle honte de choisir le terrorisme !!!!!,Bullying
https://www.instagram.com/p/Cg9rIZPITOC/,Comment,C'est un inculte,Bullying
https://www.instagram.com/p/Cg9rIZPITOC/,Comment,Quelle merde ce journaliste..vraiment,Bullying
https://www.instagram.com/p/ClgqngSI3Vl/,Comment,fau pas confondre les marocains et le gouvernement marocain,None
https://www.instagram.com/p/ClgqngSI3Vl/,Reply,@thibault_drb_ ces gens lÃ  qui vont au Qatar au lieu de boycotter cet Ã‰tat sioniste et en plus brandissent le drapeau de l'Ã‰tat marocain collÃ© au drapeau palestinien sont dans une dissonance cognitive.,None
https://www.instagram.com/p/ClgqngSI3Vl/,Reply,@maghrebantinwo vive la palestine,None
https://www.instagram.com/p/ClgqngSI3Vl/,Reply,@nordinerifton bien sÃ»r vive la Palestine mais pas l'Ã‰tat marocain le clown,Hate Speech
https://www.instagram.com/p/ClgqngSI3Vl/,Reply,@maghrebantinwo ton poste est super dÃ©bile vraiment...,Bullying
https://www.instagram.com/p/ClgqngSI3Vl/,Reply,"@maghrebantinwo tu crois vraiment que le peuple n'a pas le droit de faire Ã§a putain quel cerveau tu as, tu dois Ãªtre algerien ğŸ’¯",Hate Speech
https://www.instagram.com/p/ClgqngSI3Vl/,Reply,@medutbo dÃ©bile ou vrai donc Ã§a te dÃ©range ? C'est toi le dÃ©bile... Tu lÃ¨ves un drapeau maÃ§onnique shaytanesque et Ã‰TATIQUE assume au moins que tu soutiens des Ã‰tats collabos,Bullying
https://www.instagram.com/p/ClgqngSI3Vl/,Reply,@maghrebantinwo algÃ©rien jaloux ğŸ˜‚,Hate Speech
https://www.instagram.com/p/ClgqngSI3Vl/,Reply,@medutbo dÃ¨s que la corruption de l'Etat marocain est pointÃ©e du doigt c'est forcÃ©ment l'oeuvre d'AlgÃ©riens ? ğŸ˜‚ğŸ¤¡ Encore un chekkam. Les AlgÃ©riens au moins n'ont pas peur de dÃ©noncer la corruption de l'Ã‰tat chez eux pas comme les lÃ¢ches lÃ¨che-bottes comme toi... ArrÃªtez de parler d'AlgÃ©rie quand le post concerne le Maroc.,Hate Speech
https://www.instagram.com/p/ClgqngSI3Vl/,Reply,@medutbo tu crois que tous les Marocains sont des 3eyyacha comme toi ? ğŸ˜‚ ğŸ¤¡,Hate Speech
https://www.instagram.com/p/ClgqngSI3Vl/,Reply,@maghrebantinwo pourquoi tu ne parles jamais de corruption algÃ©rienne dans tes postes ? Puis c'est moi le lÃ¢che car j'ai dit le peuple a le droit de lever le drapeau de palestine et qu'on s'en fou du gouvernement ?,Bullying
https://www.instagram.com/p/ClgqngSI3Vl/,Reply,@medutbo tout simplement parce que c DZ gay qui ferme les yeux sur la corruption algÃ©rienne,Hate Speech
https://www.instagram.com/p/ClgqngSI3Vl/,Reply,@maghrebantinwo si vous auriez dÃ©noncer et si le peuple dz aurait Ã©tÃ© des zhomme comme vous dites il aurait dÃ©gager bouteflika le zoobie aveugle paraplÃ©gique depuis trÃ¨s longtemps meskine votre prÃ©sident Ã©tait lÃ  comme un Å“uf juste pour que les gÃ©nÃ©raux ce gave de lâ€™argent en laissant les dz mourir de faim. 1 sac de lait wesh pour 2 semaines meme au Somalie on mange mieux ğŸ˜‚ğŸ˜‚ğŸ˜‚ğŸ˜‚,Bullying
https://www.instagram.com/p/ClgqngSI3Vl/,Comment,arretes ta negativite,None
https://www.instagram.com/p/ClgqngSI3Vl/,Reply,"@thibault_drb_ clique mais toi arrÃªte d'Ãªtre naÃ¯f... Soulever un drapeau maÃ§onnique, et d'un Ã‰tat qui a imposÃ© des vaccins Ã  sa population vous avez vraiment une mÃ©moire de poisson rouge...",Bullying
https://www.instagram.com/p/ClgqngSI3Vl/,Reply,@maghrebantinwo tu vas trop loin mec le maroc c est royaume si tu t amuse a faire le malin c la prison qui t attends a ton retour.,Bullying
https://www.instagram.com/p/ClgqngSI3Vl/,Reply,@thibault_drb_ euh t'es qui toi pour me dire ce que je dois faire d'abord ? + d'oÃ¹ tu me connais ?,None
https://www.instagram.com/p/ClgqngSI3Vl/,Reply,@thibault_drb_ une question tu te prends pour qui ? Tu veux t'Ã©riger en mÃ©diateur de menaces ? C'est pas des lÃ¢ches en ton genre qui vont venir me donner des leÃ§ons et me dire quoi faire ou quoi dire,Bullying
https://www.instagram.com/p/ClgqngSI3Vl/,Reply,@maghrebantinwo je me prend pour un maricain de casa de derb sultan? tas unprobleme?,Bullying
https://www.instagram.com/p/ClgqngSI3Vl/,Reply,@thibault_drb_ oui un problÃ¨me avec les lÃ¢ches comme toi qui dÃ©fendent les bourreaux du peuple et la mafia du NWO + tentent d'intimider les autres pour les empÃªcher de critiquer ce qu'ils veulent critiquer. Reste sagement Ã  ta place,Bullying
https://www.instagram.com/p/ClgqngSI3Vl/,Reply,@maghrebantinwo restes sagement a ta place il me dit ğŸ˜‚ t es dans un film toi. allez,Bullying
https://www.instagram.com/p/ClgqngSI3Vl/,Reply,@thibault_drb_ oui amuse toi Ã  faire le malin avec tes menaces sous-entendues et c'est toi qui verras mister je-collabore-et-je-me-tais. Tu es libre de fermer ta gueule sur le roi franc-maÃ§on du Maroc (qui a imposÃ© les injections Ã  sa population et l'a empÃªchÃ©e de voyager sans pass NAZItaire) mais pas de l'imposer aux autres. L'admin de cette page n'a aucun ordre Ã  recevoir de minables comme toi,Bullying
https://www.instagram.com/p/ClgqngSI3Vl/,Reply,@maghrebantinwo tu es un anti vax en plus ğŸ˜‚ beh bravooooooooo,Bullying
https://www.instagram.com/p/ClgqngSI3Vl/,Reply,@maghrebantinwo on Ã©tait pas obliger dâ€™avoir le vaccin pour voyager un simple test PCR de 48h ğŸ˜‚ğŸ˜‚ bref mÃªme ici tu dis de la ğŸ’© câ€™est sÃ»r que toi tu Ã©tais obliger dâ€™attendre 2 ans et demi si tu es blinder car 750e le billet aigle azur Ã§a doit faire maaaaaaaaaal ğŸ˜‚ğŸ˜‚ğŸ˜‚ nous Dieu merci 150e mÃªme pas dÃ¨s lâ€™ouverture des frontiÃ¨res,Bullying
https://www.instagram.com/p/ClgqngSI3Vl/,Reply,"Ah et sache que ton IsraÃ«l chÃ©rie sera ele aussi dÃ©truite, c'est Ã©crit dans la lettre du franc maÃ§on de 33e degrÃ© Albert Pike, sur le plan du Nouvel Ordre Mondial lucifÃ©rien. Et les golems comme toi seront sacrifiÃ©s ğŸ¤¡",Hate Speech
https://www.instagram.com/p/ClgqngSI3Vl/,Reply,@maghrebantinwo oh menace de mort ? Petit signalement on verra si tu vas rester longtemps sur insta. Vas donner ton petit Q au vieux gay Ã§a tâ€™ira bien de faire une page comme Ã§a plutÃ´t quâ€™une page politique oÃ¹ tt est faux,Homophobia
https://www.instagram.com/p/ClgqngSI3Vl/,Reply,@maghrebantinwo c toi la sous ğŸ’© qui divise les pays et bizarrement tu parles jamais en mal de lâ€™AlgÃ©rie ! Je suis pas juive mais entre un juif et un algÃ©rien je prÃ©fÃ¨re Ã©pouser un juif x2000 plutÃ´t quâ€™un algÃ©rien,Hate Speech
https://www.instagram.com/p/ClgqngSI3Vl/,Comment,Drapeau maÃ§onniqueğŸ˜‚ğŸ˜‚ğŸ˜‚ arÃªte la drogue,Bullying
https://www.instagram.com/p/ClgqngSI3Vl/,Reply,@nordinerifton c'est sÃ»r que c'est un drapeau trÃ¨s islamique ğŸ¤¡ De vrais clowns non informÃ©s mais qui parlent... ou plutÃ´t des autruches qui font les monafi9in. Et t'es Rifain en plus.. quelle honte.,Hate Speech
https://www.instagram.com/p/ClgqngSI3Vl/,Reply,"@nordinerifton et tu oses mettre une photo-montage avec le drapeau de Lyautey sur la tÃªte d'amghar Abdelkrim El Khattabi, qui a combattu contre ceci... t'es bon dans la dissonance cognitive toi ğŸ¤¡ğŸ¤¡",Bullying
https://www.instagram.com/p/ClgqngSI3Vl/,Reply,"@maghrebantinwo arete un peu de dire nimporte quoi et reprend toi au lieu de foutre la zizanie,je vois que tu kiffes Ã§a,hram hlik et pour info je suis pro palestinien et le maroc a fait beaucoup pour la palestine contrairement Ã  certains.allez salem",Bullying
https://www.instagram.com/p/ClgqngSI3Vl/,Reply,@nordinerifton mais quel hypocrite... Notre page te dÃ©range parce qu'on dit la vÃ©ritÃ© et on bouleverse les codes de votre hypocrisie ğŸ¤¡,Bullying
https://www.instagram.com/p/ClgqngSI3Vl/,Reply,@nordinerifton dire que mettre le drapeau alaouite de Lyautey sur la tÃªte d'Abdelkrim El Khattabi c'est foutre la zizanie ? Il doit se retourner dans sa tombe avec des gens comme toi ğŸ¥´,Bullying
https://www.instagram.com/p/ClgqngSI3Vl/,Reply,"@nordinerifton le Maroc n'a rien fait pour la Palestine juste de l'hypocrisie. Les rares fois oÃ¹ l'Ã‰tat marocain a fait quelque chose c'est ce qu'on appelle de la mu3arada mechriya (opposition contrÃ´lÃ©e), du BLUFF, quoique le Maroc ne s'est JAMAIS dans l'histoire opposÃ© Ã  l'Etat sioniste normal le Maroc alaouite est sioniste par essence, sans maman IsraÃ«l et papa USA l'Ã‰tat marocain tel qu'il est aujourd'hui (corrompu et 100% vendu Ã  la mafia maÃ§onnique et au NWO) n'existerait pas ğŸ¤¡",Hate Speech
https://www.instagram.com/p/ClgqngSI3Vl/,Reply,"@maghrebantinwo tu parles trop dans le vide,tous les pays arabes et musulmans sont Ã  la botte d'IsraÃ«l,le seul homme qui a eut les de bombarder IsraÃ«l c'est Saddam hussein allah y rahmo sinon tous le reste c'est des corrompus y compris ton pays alors arÃªte de toujours viser le maroc,il y a pire que le maroc bref Ã§a sert a rien de dÃ©battre avec un haineux comme toi",Bullying
https://www.instagram.com/p/ClgqngSI3Vl/,Reply,Resalam le collabo qui se dit rifain et met le drapeau de l'Ã‰tat marocain sur la tÃªte d'Abdelkrim el Khattabi : le canal vise TOUS LES Ã‰TATS corrompus du Maghreb. Il y a aussi des posts sur l'Ã‰tat algÃ©rien et l'Ã‰tat tunisien pas que le Maroc.,None
https://www.instagram.com/p/ClgqngSI3Vl/,Reply,Pour finir les collabos comme toi n'ont rien Ã  faire sur cette page retourne lÃ©cher les babouches de tes maÃ®tres sionistes et franc-maÃ§ons et bouge d'ici,Hate Speech
https://www.instagram.com/p/ClgqngSI3Vl/,Comment,Est ce que ce post a Ã©tÃ© crÃ©Ã© par un algÃ©rien ? La rÃ©ponse est ouiâ€¦ Faut apprendre Ã  lire les commentaires et la position des photos pour voir le seum qui en dÃ©coule ğŸ˜‚ğŸ˜‚ğŸ˜‚ bref c logique que le Maroc signe des trucs avec IsraÃ«l vu que CHEZ NOUS les feuj se considÃ¨rent comme marocains a 100% comme Gad Elmaleh ils ont tjrs vÃ©cus libres et heureux contrairement aux feuj dâ€™AlgÃ©rie qui se disent jamais algÃ©rien mais des franÃ§ais dâ€™AlgÃ©rie comme dirait ce raciste de Zemmour ğŸ˜‚ğŸ˜‚ğŸ˜‚ et les marocains musulmans peuvent adorer la Palestine y a aucun souci mÃªme le royaume Maroc envoie bcp dâ€™aide Ã  lâ€™Ã©tat palestinien donc arrÃªter de mytho merci,Hate Speech
https://www.instagram.com/p/ClgqngSI3Vl/,Reply,"Franchement en matiÃ¨re de commentaires de golmons on peut pas vraiment faire mieux. Donc Â« logique de normaliser avec IsraÃ«l parce que les juifs au Maroc se considÃ¨rent comme marocain Â». Mais du coup quâ€™est ce quâ€™IsraÃ«l a Ã  voir dans cette histoire? Ils sont pleinement marocain non? Leur seul allÃ©geance vas au Maroc non? Donc pk IsraÃ«l jâ€™ai pas captÃ©. Et surtout pourquoi normaliser que maintenant? Les juifs marocains existent depuis trÃ¨s longtemps il me semble. Nâ€™essaye pas de trouver des excuses bidons Ã  quelque chose de profondÃ©ment immorale venant dâ€™un Ã©tat musulman. Tu envoie beaucoup dâ€™aide Ã  la Palestine mais en mÃªme temps tu normalise et fait affaire et soutiens lâ€™Ã©tat qui est la cause de tout les malheurs palestiniens. Bon au choix câ€™est Ã  toi de voir câ€™est soit de la schizophrÃ©nie, de lâ€™hypocrisie ou de lâ€™opportunisme des plus cynique. Faut arrÃªter a un moment dâ€™Ãªtre autant malhonnÃªte",Hate Speech
https://www.instagram.com/p/ClgqngSI3Vl/,Reply,"@ pas_la789 Est ce que ce commentaire a Ã©tÃ© Ã©crit par un golem ? La rÃ©ponse est oui ! Au cas oÃ¹ tu ne l'aurais pas remarquÃ© la page dÃ©nonce la corruption de tous les Ã‰tats du Maghreb pas que l'Ã‰tat marocain. Ce qui est drÃ´le avec les 3ayyacha dÃ©fenseurs de leur Ã‰tat criminel et corrompu c'est que dÃ¨s que la corruption Ã©tatique est dÃ©noncÃ©e c'est forcÃ©ment l'oeuvre d'un algÃ©rien, vous Ãªtes incurables...",Hate Speech
https://www.instagram.com/p/ClgqngSI3Vl/,Reply,Au moins les AlgÃ©riens eux dans leur majoritÃ© dÃ©noncent la corruption Ã©tatique pas comme 90% des Marocains qui se taisent par hypocrisie ou par crainte alors qu'un vrai musulman doit pratiquer le djihad (lutte contre l'injustice sociale) et n'a peur que de Rebbi,None
https://www.instagram.com/p/ClgqngSI3Vl/,Reply,"Pas_la789 + ""l'Etat marocain envoie de l'aide"" pour faire semblant, amadouer et calmer les Marocains Ã©nervÃ©s, Ã§a s'appelle de la manipulation et poudre aux yeux, et ce tout en reconnaissant l'Etat d'IsraÃ«l ? ğŸ¤¡ (qui est une nÃ©cessitÃ© au Nouvel Ordre Mondial lucifÃ©rien lis la lettre du franc maÃ§on Albert Pike Ã  Mussolini)",Bullying
https://www.instagram.com/p/ClgqngSI3Vl/,Reply,"@maghrebantinwo AlgÃ©rie est super corrompu. Avec vos gÃ©nÃ©raux qui dirige le pays, meskine pendant des annÃ©es vous avez laissÃ© un zombie qui ne marche pas, mange pas sans aide, sourd et muet juste pour dÃ©corer ğŸ˜‚ğŸ˜‚ğŸ˜‚ la majoritÃ© des enfants de dirigeants algÃ©riens sont millionnaires en France avec l argent de lâ€™AlgÃ©rie, en attendant vos routes sont Ã©clatÃ©es aucune aide aux personnes handicapÃ©es ou aux vieux mÃªme les familles solos galÃ¨res donc oÃ¹ est lâ€™argent ???? D merci le pays ira de mieux en mieux grÃ¢ce au gaz qui remplace celui de la Russie car la Russie est boycottÃ© ou refuse dâ€™envoyer son gaz donc lâ€™AlgÃ©rie pourra gagner donc jâ€™espÃ¨re que lâ€™argent nâ€™ira pas dans les poches des mauvaises personnes.",None
https://www.instagram.com/p/ClgqngSI3Vl/,Reply,Tu n'as pas l'air de comprendre que la page ne dÃ©fend AUCUN DIRIGEANT et AUCUN ETAT contrairement Ã  toi le chauviniste qui dÃ©fend l'Ã‰tat marocain et son roi franc-maÃ§on. Le post concerne le MAROC pas l'ALGERIE donc ne dÃ©vie pas le sujet le 3ayyachi.,Bullying
https://www.instagram.com/p/ClgqngSI3Vl/,Reply,"@maghrebantinwo je ne dÃ©vie pas câ€™est toi qui ouvres ta bouchÃ© sur la corruption alors que le pays le plus corrompu câ€™est lâ€™Algerie, tellement corrompu que pour vous enfermer (ceux qui vivent en AlgÃ©rie) le tourisme est interdit, internet censurÃ© et autres. Au Maroc y a pas tt Ã§a. Au Maroc on est libre â¤ï¸â¤ï¸â¤ï¸",None
https://www.instagram.com/p/ClgqngSI3Vl/,Reply,@maghrebantinwo si jâ€™ai bien compris tkt juste ici Ã§a ne dÃ©nonce pas Ã§a mytho sur le Maroc !!!,None
https://www.instagram.com/p/ClgqngSI3Vl/,Reply,un clown de premiÃ¨re classe comme tous les 3eyyacha. La page ne soutient aucun Ã‰tat petit lÃ¨che-bottes. Le post concerne l'Ã‰tat marocain ne dÃ©vie pas le sujet sur l'Ã‰tat algÃ©rien yal 3eyyachi. Au fait en AlgÃ©rie il n'y a pas de petits garÃ§ons qui se prostituent dans la rue comme Ã  Marrakech ğŸ¤¡ ni des Saoudiens qui viennent foutre le bordel et se taper des putes dans les bars. Donc si tu veux rentrer dans le jeu des comparaisons on peut aller loin vait mieux que tu fermes ton clapet ğŸ¤«,Hate Speech
https://www.instagram.com/p/ClgqngSI3Vl/,Reply,Pas_la789 si si on dÃ©nonce et dit la vÃ©ritÃ© ici et Ã§a dÃ©range les lÃ©cheurs de fesses comme toi. En bon petit golem que tu es ğŸ•â€ğŸ¦º,Bullying
https://www.instagram.com/p/CmQ8RnXrU6x/,Comment,Vous qui faisiez un classement en plaÃ§ant LFI Â« parti le plus fÃ©ministe Â» durant lâ€™Ã©lection PrÃ©sidentielleâ€¦ ğŸ¤£ bref mieux vaut en rire !,Bullying
https://www.instagram.com/p/CmQ8RnXrU6x/,Reply,@bucciu ca prouve bien qu on ne peut faire confiance Ã  aucun homme surtout,None
https://www.instagram.com/p/CmQ8RnXrU6x/,Reply,@bucciu leur programme Ã©tait le plus FÃ©ministe. Que du vent,Bullying
https://www.instagram.com/p/CmQ8RnXrU6x/,Reply,@osez_le_feminisme on le sait depuis leur crÃ©ation que LFI nâ€™est que du vent. Du blabla rÃ©volutionnaire pour Ã©lecteurs en colÃ¨re. Du Â« faites ce que je dis mais pas ce que je fais Â»â€¦ les ficelles sont les plus grosses de tous les partis politiques franÃ§ais confondusâ€¦ vous aviez mieux a faire pendant lâ€™Ã©lection que de leur accorder du crÃ©dit ğŸ˜,None
https://www.instagram.com/p/CmQ8RnXrU6x/,Reply,"@minfii @minfii oh, il y a certainement des hommes de confiance mais Ã§a nâ€™est pas le sujet. Le sujet ici câ€™est que LFI sont ceux qui donnent le + de leÃ§on sur le comportement des uns et des autres ou la composition de tel ou tel parti ou gouvernement et qui finalement se retrouve pris la main dans le sac et se cherchent des excusesâ€¦ voir mÃªme font passer lâ€™agresseur pour la victime et lâ€™encensent au point de parler de Â« dignitÃ© et de courage Â» â€¦ ğŸ¤® je ne sais pas sâ€™il faut rire ou pleurerâ€¦ mais quand on fait des promesse de fermetÃ© envers les autresâ€¦ il ne faut pas chercher dâ€™excuses aux siensâ€¦",None
https://www.instagram.com/p/CmQ8RnXrU6x/,Reply,"@bucciu dans lfi il n'y a pas que des hommes violents ou qui protÃ¨gent leur bro violents, il y a aussi des femmes qui continuent de lutter, mÃªme au sein de leur groupe.",None
https://www.instagram.com/p/CmQ8RnXrU6x/,Reply,"@bucciu Pour quelqu 'un qui dÃ©nonce les leÃ§ons sur les autres, vous Ãªtre entrain d'en faire ici un excellent exemple ! #mansplaining",None
https://www.instagram.com/p/CmQ8RnXrU6x/,Reply,@bucciu en attendant la personne qui me donne le plus envie de vomir ici c'est toi,Bullying
https://www.instagram.com/p/CmQ8RnXrU6x/,Reply,@bucciu c'est bien ce que je dis mais juste avec + de mots.,None
https://www.instagram.com/p/CmQ8RnXrU6x/,Reply,"@bucciu je te rassure les autres partis sont pires sur ce sujet. Mais bref on traite des hommes envers les femmes ici, pas besoin de venir faire de la rÃ©cupÃ©ration politique ici",None
https://www.instagram.com/p/CmQ8RnXrU6x/,Comment,"Vous Ãªtes un collectif fÃ©ministe, il est donc normal que vous ne dÃ©fendiez que l'aspect qui peut faire avance le combat contre les violences conjugales. Cependant il faut ne faut pas aller jusque dans la contre-vÃ©ritÃ© : vous avez raison de dÃ©noncer le fait qu'il se victimise en ce qui concerne sa femme, mais vous ne pouvez nier le lynchage mÃ©diatique dont son couple, sa femme et lui-mÃªme, sont victimes puisque les mÃ©dias sont friands de taper sur la gauche. Pareil pour son traitement judiciaire en comparaison d'autres cas oÃ¹ il n'y a aucune justice.",None
https://www.instagram.com/p/CmQ8RnXrU6x/,Reply,@olivier.hm personne n'a contredit Ã§a donc vous Ãªtes hors sujet. Ã€ quoi vous sert ce commentaire si ce n'est dÃ©placer le dÃ©bat ? De plus Ãªtre fÃ©ministe implique d'arrÃªter de se voiler la face... Donc bon,Hate Speech
https://www.instagram.com/p/CmQ8RnXrU6x/,Reply,@olivier.hm 4 mois avec sursis pour violences Ã§a te semble exagÃ©rer ?,None
https://www.instagram.com/p/CmQ8RnXrU6x/,Reply,@deamegane 4 mois pour une gifle ? Tes parents aurait eu perpÃ©tuitÃ© Ã  ce stade,Bullying
https://www.instagram.com/p/CmQ8RnXrU6x/,Reply,"@beyond_ota pas qu'une gifle ici, les violences sont au pluriel. Et si vous Ãªtes incapable d'Ã©lever un enfant sans le gifler, faites une vasectomie",None
https://www.instagram.com/p/CmQ8RnXrU6x/,Reply,@deamegane oui oui on verra comment se porte lâ€™Ã©ducation positive de ton enfant toi dans 10 ans. On a tous reÃ§u des coups et Ã§a nâ€™a traumatisÃ© personne donc ne tâ€™inquiÃ¨te pas pour mon enfant,None
https://www.instagram.com/p/CmQ8RnXrU6x/,Reply,@deamegane enfant roi*,None
https://www.instagram.com/p/CmQ8RnXrU6x/,Reply,@beyond_ota bah vu ton appelle Ã  la violence Ã§a a laissÃ© ses marques. J'ai eu une Ã©ducation trÃ¨s sÃ©vÃ¨re sans que mes parents aient forcÃ©ment besoin d'avoir recours Ã  la violence. Le problÃ¨me c'est que tu sois incapable d'Ã©duquer et d'avoir la moindre autoritÃ© sans Ãªtre physiquement violent. Ce n'est heureusement pas le cas de tous les parents,None
https://www.instagram.com/p/CmQ8RnXrU6x/,Reply,"@beyond_ota Ã§a Ã©tÃ© dÃ©montrÃ© par plusieurs Ã©tudes que appliquer la violence Ã  l'Ã©ducation des enfants crÃ©Ã© des adultes violents et donc dangereux pour les autres. L'Ã©ducation positive ne prÃ©voit pas de crÃ©er des infants roi comme aiment dire ceux qui ne comprennent pas grand chose Ã  la pÃ©dagogie. Mon enfant aura des rÃ¨gles trÃ¨s strictes, mais jamais j'appliquerai de la violence pour lui faire respecter.",None
https://www.instagram.com/p/CmQ8RnXrU6x/,Reply,@beyond_ota Ah gt plutÃ´t dâ€™accord avec vous jusque lÃ  mais nier les traumatismes dus aux coups reÃ§us par les enfants câ€™est qd mÃªme faire preuve dâ€™une sacrÃ© mauvais foi ğŸ˜…,None
https://www.instagram.com/p/CfmbVK4IIxs/,Comment,On ne peut pas accepter Ã§a ! On ne doit pas ! Ã‡a mÃ©rite une rÃ©volution ce bordelâ€¦,None
https://www.instagram.com/p/CfmbVK4IIxs/,Reply,@leo__.lef tu participes pas donc tu es d'accord avec eux de faire souffrir la mÃ¨re et l'enfant j'espÃ¨re sincÃ¨rement que quand tu seras papa tu vivra pas Ã§a,None
https://www.instagram.com/p/CfmbVK4IIxs/,Reply,@leo__.lef mais donc tu fais quoi sur cette page si c'est pour critiquer celles qui prennent la parole contre tout Ã§a ?,None
https://www.instagram.com/p/CfmbVK4IIxs/,Reply,"@leo__.lef mais du coup je rÃ©itÃ¨re ma question, tu viens apporter quoi sous ce post ?",None
https://www.instagram.com/p/CfmbVK4IIxs/,Reply,"@leo__.lef et donc je redemande, qu'estce que tu fais sur cette page ?",None
https://www.instagram.com/p/CfmbVK4IIxs/,Reply,@leo__.lef cynique et sans intÃ©rÃªt !!,Bullying
https://www.instagram.com/p/CfmbVK4IIxs/,Reply,"@leo__.lef pas de soucis, nous on ira avec ta maman.",Bullying
https://www.instagram.com/p/Cjz-whbMcZU/,Comment,"Est-ce que vous venez d'utiliser ""anti-fascisme"" comme une insulte pour les gens qui sont anti vous ? C'est... C'est pas un peu trop sincÃ¨re comme coming out ?",Bullying
https://www.instagram.com/p/Cjz-whbMcZU/,Reply,@axelmolina2.0 les antifas luttent contre tout ce qui est un peu plus Ã  gauche que LÃ©nine donc bonâ€¦,None
https://www.instagram.com/p/Cjz-whbMcZU/,Reply,@axelmolina2.0 on assume nous,None
https://www.instagram.com/p/Cjz-whbMcZU/,Reply,@avrel.nerrat Va te couper les cheveux on dirait une serpilliÃ¨re,Bullying
https://www.instagram.com/p/Cjz-whbMcZU/,Reply,"@avrel.nerrat oh donc la @cocardelyon assume d'Ãªtre fasciste ou de sympathiser avec la cause fasciste? Je note, merci !",None
https://www.instagram.com/p/Cjz-whbMcZU/,Reply,@valou_ontheroad tu vises avec tes commentaires aussi bien que les chasseurs,Bullying
https://www.instagram.com/p/Cjz-whbMcZU/,Reply,@libre_penseur_leretour_ je sais pas si je dois qualifier de tÃ©mÃ©raire ou de stupide le fait de choisir l'axe d'attaque de la maturitÃ© intellectuelle aprÃ¨s que tes copains de lutte se soient traitÃ©s de serpilliÃ¨re entre eux et aient volontairement assumÃ© le qualificatif de fasciste,None
https://www.instagram.com/p/Cjz-whbMcZU/,Reply,@axelmolina2.0 fais pas le surpris frr et dÃ©jÃ  t'es Ã  l'ENS (strike one),Bullying
https://www.instagram.com/p/Cjz-whbMcZU/,Reply,@anarchism_or_death pourquoi le fait que je fasse l'ENS est discrÃ©ditant ?,None
https://www.instagram.com/p/Cjz-whbMcZU/,Reply,@libre_penseur_leretour_ vous savez qu'on peut Ãªtre antifasciste tout en Ã©tant critique des actions des collectifs se revendiquant antifa ?,None
https://www.instagram.com/p/Cjz-whbMcZU/,Reply,@pauline_rcd Je veux bien votre dÃ©finition de votre antifascisme du coup ?,None
https://www.instagram.com/p/Cjz-whbMcZU/,Reply,@axelmolina2.0 l'antifascisme aujourd'hui n'est qu'un artifice rhÃ©torique utilisÃ© par l'extrÃªme-gauche pour attaquer tout ce qui est Ã  droite de BenoÃ®t hamon.,None
https://www.instagram.com/p/Cjz-whbMcZU/,Reply,"@libre_penseur_leretour_ tu connais le fascisme ? Alors du coup c'est un peu technique mais l'antifascisme c'est le mouvement qui est nÃ© en rÃ©action et en opposition au fascisme, et qui prÃ´ne bah... L'inverse des valeurs fascistes. Je vais pas te faire l'affront de les rÃ©pÃ©ter, je pense que t'as la base. Ã€ ceci je vais ajouter la prÃ©cision que les gens oublient : si le fascisme disparait (et Ã§a vaut pour les courants nÃ©ofascistes), alors l'antifascisme a plus de raison d'Ãªtre parce que c'est juste un courant idÃ©ologique en rÃ©actance Ã  l'autoritarisme de l'extrÃªme droite.",None
https://www.instagram.com/p/Cjz-whbMcZU/,Reply,@axelmolina2.0 parce que c'est une des pires instances de l'acadÃ©misme au service de l'acadÃ©mie,None
https://www.instagram.com/p/Cjz-whbMcZU/,Reply,"@anarchism_or_death d'accord, et donc ?",None
https://www.instagram.com/p/Cjz-whbMcZU/,Reply,"@pauline_rcd Sauf quâ€™il nâ€™y a pas des fascismes en France mÃªme si les antifas fantasmes dessus. Enfin il y a certains individus se disent neofascistes mais qui ne reprÃ©sentent quâ€™eux mÃªmes et une infime minoritÃ© de personnes, dâ€™ailleurs la droite nâ€™apprÃ©cie pas du tout ces personnes non plus. Dâ€™ailleurs, le parti nazi, câ€™est le parti national-socialiste. Pourtant les antifas font exactement comme les fascistes : je rÃ©pÃ¨te faire taire ceux qui ne pensent pareil et mÃªme agresser. Ah lâ€™extrÃªme droite, un autre de vos fantasmes. La rÃ©elle extrÃªme droite câ€™est en Ukraine quâ€™on la retrouve. Et je peux vous dire que je connais trÃ¨s bien cela Ã©tant donnÃ© quâ€™une partie de ma famille vient de la bas, elle a fuit les nazis ukrainiens, et aujourdâ€™hui il y en Ã  toujours. Jamais vous ne pourrez justifier la prÃ©sence dâ€™un vrai fascisme en France donc la prÃ©sence dâ€™un antifascisme. Vous devriez plutÃ´t lutter contre Macron, donc les centristes, qui sont autoritaires, et il a Ã©tÃ© prouvÃ© que les centristes tendent vers une sorte de dictature autoritaire.",None
https://www.instagram.com/p/Cjz-whbMcZU/,Reply,@libre_penseur_leretour_ oh quelle flemme d'Ãªtre dans ta tÃªte,Bullying
https://www.instagram.com/p/Cjz-whbMcZU/,Reply,"@libre_penseur_leretour_ Si tu prends les dÃ©finitions modernes de nombreux mouvements d'extrÃªme droite peuvent Ãªtre qualifiÃ© de fascistes, proto-fascistes ou fascisants. Si tu prÃ©fÃ¨res on peut parler d'autoritarisme d'extrÃªme droite plus gÃ©nÃ©ralement. Tant que cette minoritÃ© existe, tant que des mecs se font poignardÃ© par des ex-cadres de gÃ©nÃ©ration identitaire, tant que le terrorisme d'extrÃªme droite fait des morts chaque annÃ©e en Europe, tant que des revendications autoritaires d'extrÃªme droite subsistent l'antifascisme aura du sens en France. Et solidaritÃ© internationale : courage Ã  ta famille, on s'oppose Ã  toutes les formes que peut prendre le fascisme, et Ã  tout les autoritarisme (libÃ©ral capitaliste, pseudo-communiste autoritaire, fasciste, intÃ©griste religieux). Ã€ ce titre on lutte activement contre Macron, la bourgeoisie, le libÃ©ralisme et l'Ã‰tat policier, t'inquiÃ¨tes.",None
https://www.instagram.com/p/Cjz-whbMcZU/,Reply,@axelmolina2.0 c'est juste mÃ©prisable,None
https://www.instagram.com/p/Cjz-whbMcZU/,Reply,@axelmolina2.0 rien 2 grave,None
https://www.instagram.com/p/Cjz-whbMcZU/,Reply,@anarchism_or_death passe en mp qu'on s'explique,None
https://www.instagram.com/p/Cjz-whbMcZU/,Reply,@axelmolina2.0 le plus grand fan de la cocarde de retour. Ils peuvent te remercier de brasser lâ€™algorithme comme Ã§a ğŸ‘Œ,Bullying
https://www.instagram.com/p/Cjz-whbMcZU/,Reply,@pauline_rcd Ca tombe bien je le suis,None
https://www.instagram.com/p/Cjz-whbMcZU/,Reply,"@valou_ontheroad tu devais avoir le soleil dans les yeux en appuyant sur ""Envoyer""",Bullying
https://www.instagram.com/p/Cjz-whbMcZU/,Reply,@pauline_rcd MÃªme pas j'Ã©tais trÃ¨s net,None
https://www.instagram.com/p/Cjz-whbMcZU/,Comment,"A dÃ©faut de faire de vraies actions, une fois de plus la Tocarde fait de la commâ€™ qui nâ€™a pas lieu dâ€™Ãªtre, je me demande dâ€™ailleurs oÃ¹ vous Ã©tiez lors de lâ€™hommage rendu Ã  Samuel Paty samedi",None
https://www.instagram.com/p/Cjz-whbMcZU/,Reply,@alya.yto ah parce que l'uni fait des actions maintenant ? C'est nouveau,None
https://www.instagram.com/p/Cjz-whbMcZU/,Reply,"@ju.les_btn Apparemment, on a lâ€™air de sâ€™en sortir plutÃ´t mal puisquâ€™on se mobilise dans toutes les villes de France pour dÃ©fendre les Ã©tudiants quand vous nâ€™Ãªtes mÃªme pas capables de dÃ©poser une liste et prÃ©fÃ©rez passer votre temps Ã  aligner 3 sticks Ã  un poteau",Bullying
https://www.instagram.com/p/Cjz-whbMcZU/,Reply,"@alya.yto ah oui dÃ©fendre les Ã©tudiants oui, quel est le programme ? J'aimerai bien le connaÃ®tre, car quand j'y Ã©tais, il n'y avait rien de fait pour les Ã©tudiants.",None
https://www.instagram.com/p/Cjz-whbMcZU/,Reply,"@ju.les_btn tâ€™Ã©tais pourtant Ã  lâ€™UNI donc tâ€™as pu voir Ã  quoi ressemblait un programme, je tâ€™aurais proposÃ© de comparer avec celui de la Cocarde mais ils sont incapables dâ€™en faire un",None
https://www.instagram.com/p/Cjz-whbMcZU/,Reply,"@alya.yto oui j'y Ã©tais, et c'est pas pour rien que je suis parti, il y a quelques mecs chauds mais vous n'Ãªtes que des faibles de chez LR, prÃªt Ã  vendre vos parents pour un poste...",Bullying
https://www.instagram.com/p/Cjz-whbMcZU/,Reply,"@alya.yto le programme de l'uni Ã©tait Ã©clatÃ©, fin du dÃ©bat",None
https://www.instagram.com/p/Cjz-whbMcZU/,Reply,@ju.les_btn Wow et tu fais quoi de beau chez la Cocarde maintenant ? Une manif avec lâ€™UNEF prÃ©vue prochainement ?,Bullying
https://www.instagram.com/p/Cjz-whbMcZU/,Reply,@ju.les_btn Merci la rÃ©flexion va trÃ¨s loin,Bullying
https://www.instagram.com/p/Cjz-whbMcZU/,Reply,"@alya.yto haha ne t'inquiÃ¨te pas pour nous, on est bien assez occupÃ© Ã  faire des choses concrÃ¨tes, trop Ã  droite pour vous visiblement...",Bullying
https://www.instagram.com/p/Cjz-whbMcZU/,Reply,@ju.les_btn tellement concrÃ¨tes que vous Ãªtes les seuls Ã  les voir ğŸ˜¹,Bullying
https://www.instagram.com/p/Cjz-whbMcZU/,Reply,"@alya.yto oh non Ã§a se voit, juste que dans vos appartements et quartiers de bourgeois vous ne pouvez pas forcÃ©ment le voir forcÃ©ment, maintenant retourne te former intellectuellement, et si tu veux dÃ©battre de Ã§a de maniÃ¨re plus approfondie viens en message privÃ©",Hate Speech
https://www.instagram.com/p/Cjz-whbMcZU/,Reply,"@ju.les_btn y a aucun dÃ©bat ici, je ne vous que de la bÃªtise, et bon me parler de quartiers bourgeois quand je suis boursiÃ¨re câ€™est juste bas et pas tellement altruiste",Bullying
https://www.instagram.com/p/Cjz-whbMcZU/,Reply,"@alya.yto traduction : tu n'as aucuns arguments et tu perdrais Ã  coup sÃ»r quelconque dÃ©bat politique, donc tu ne veux pas dÃ©battre",Bullying
https://www.instagram.com/p/Cjz-whbMcZU/,Reply,"@alya.yto par contre ta ref Ã  Zemmour, t'as pas honte ğŸ˜­",Bullying
https://www.instagram.com/p/Cjz-whbMcZU/,Reply,@ju.les_btn on est pas de droite pour vous peut-Ãªtre mais Zemmour nous affectionne pourtant donc bon,Bullying
https://www.instagram.com/p/Cjz-whbMcZU/,Reply,"@alya.yto sauf erreur de ma part mais tu me semble rÃ©publicaine, dÃ©jÃ  lÃ  c'est un problÃ¨me",Hate Speech
https://www.instagram.com/p/Cjz-whbMcZU/,Reply,"@ju.les_btn les raccourcis pas trÃ¨s malins, merci la Tocarde, jâ€™ai juste pas le temps de me livrer Ã  vos dÃ©bats sans fin sur Â« oh lâ€™UNI câ€™est pas la vraie droate Â», ici on milite mais bon vous pouvez pas comprendre, il sâ€™agirait de dÃ©poser des listes",Bullying
https://www.instagram.com/p/Cjz-whbMcZU/,Reply,"@alya.yto tu vois, tu fuis, seuls ceux qui ont peur de perdre ne se risquent pas Ã  dÃ©battre, tant pis pour toi, cela montre bien tes faibles arguments",None
https://www.instagram.com/p/Cjz-whbMcZU/,Reply,"@ju.les_btn Jâ€™Ã©tais aux RÃ©publicains pendant 3 ans et je nâ€™y suis plus, je nâ€™en ai pas honte",None
https://www.instagram.com/p/Cjz-whbMcZU/,Reply,"@alya.yto bon, l'important est que tu ais ouvert les yeux, mais il reste du chemin pour te revendiquer comme vrai ""patriote"" ou tout simplement franÃ§aise",Hate Speech
https://www.instagram.com/p/Cjz-whbMcZU/,Reply,"@alya.yto soit pas aigri , retourne aligner des petites affiches toute mignonnes sur des murs ğŸ¥° one two three vive lâ€™UNIğŸ¥° Â« vraie droite des valeurs Â»",Hate Speech
https://www.instagram.com/p/Cjz-whbMcZU/,Reply,@ju.les_btn haha Ã©norme je ne savais pas que la Cocarde dÃ©tenait un monopole de ce quâ€™Ã©tait un FranÃ§ais,None
https://www.instagram.com/p/Cjz-whbMcZU/,Reply,"*aigrie, et franchement niveau collage, on aurait des cours Ã  vous donner, non seulement câ€™est le peu que vous faites et en plus vous le faites mal",Bullying
https://www.instagram.com/p/Cjz-whbMcZU/,Reply,"@alya.yto recevoir un salaire par LR pour ""militer"" et faire des listes bidons pour continuer de toucher des subventions, c'est la vie que l'Uni a dÃ©cidÃ© de mener.",None
https://www.instagram.com/p/Cjz-whbMcZU/,Reply,@adrienbcc trop hÃ¢te de toucher mon salaire dans ce cas mais il a 2 ans de militantisme de retard ğŸ¥º,None
https://www.instagram.com/p/Cjz-whbMcZU/,Reply,"@alya.yto peut-Ãªtre ne parle absolument pas au nom de la cocarde ğŸ¤” je dis pas qu'ils dÃ©tiennent le monopole de ce qu'est Ãªtre franÃ§ais, lÃ  je te parle selon moi et moi seul",None
https://www.instagram.com/p/Cjz-whbMcZU/,Reply,"@ju.les_btn ah pardonne-moi, jâ€™ai hÃ¢te que tu mâ€™apprennes Ã  Ãªtre une vraie FranÃ§aise dans ce cas",Hate Speech
https://www.instagram.com/p/Cjz-whbMcZU/,Reply,@ju.les_btn peut-Ãªtre parce que je * j'ai oubliÃ© une partie de la phrase,None
https://www.instagram.com/p/Cjz-whbMcZU/,Reply,"@alya.yto ah mais rien de plus simple, retrouve le goÃ»t de la tradition catholique (sauf si tu l'es dÃ©jÃ ) rejette toute cette modernitÃ© de dÃ©cadence, arrÃªte de croire aux partis politiques, seul un Roi peut Ãªtre Ã  la tÃªte de la France. VoilÃ , tu as les gros points.",None
https://www.instagram.com/p/Cjz-whbMcZU/,Reply,@alya.yto et je pourrai encore continuer...,None
https://www.instagram.com/p/Cjz-whbMcZU/,Reply,"@ju.les_btn jâ€™aimerais que tu continues oui parce que si Ãªtre FranÃ§ais, câ€™est de limiter Ã  rejeter les partis et Ãªtre royaliste, câ€™est triste de se dire que seulement 17% des FranÃ§ais le sont rÃ©ellement",None
https://www.instagram.com/p/Cjz-whbMcZU/,Reply,"@alya.yto source de ton pourcentage ? Mais soit, disons qu'il est vrai, ce sont les minoritÃ©s qui font l'histoire",None
https://www.instagram.com/p/Cjz-whbMcZU/,Reply,"@alya.yto malheureusement les mÃ©moires sont courtes, si je te parle de la VendÃ©e et la Bretagne (par exemple), sans regarder sur internet ou dans un livre serais-tu capable de me dire ce qu'il s'y est passÃ© en 1793 ?",None
https://www.instagram.com/p/Cjz-whbMcZU/,Reply,"@ju.les_btn Sondage de lâ€™Institut BVA, mais franchement pas ouf ta rhÃ©torique",Bullying
https://www.instagram.com/p/Cjz-whbMcZU/,Reply,@ju.les_btn câ€™est mignon tu penses quâ€™un cours dâ€™histoire dÃ©finit si je suis FranÃ§aise ou pas (soulÃ¨vement de la VendÃ©e oui oui),Bullying
https://www.instagram.com/p/Cjz-whbMcZU/,Reply,"@alya.yto soit tes capacitÃ©s intellectuelles sont trÃ¨s limitÃ©es, soit tu es trop endocrinÃ©, mais dans les deux cas, c'est triste je n'ai jamais dit qu'un cours d'histoire suffisait Ã  Ãªtre franÃ§ais",Bullying
https://www.instagram.com/p/Cjz-whbMcZU/,Reply,"@ju.les_btn j'ai beaucoup de respect pour tous les gens du camp national, mais jamais je ne serai royaliste. Je suis fier d'Ãªtre rÃ©publicain et gaulliste.",None
https://www.instagram.com/p/Cjz-whbMcZU/,Reply,"@joey.dbrs je respecte Ã©videmment les autres aussi, mais Ã  un moment donnÃ©, ne te considÃ¨re pas comme un patriote ( de Gaulle Ã©tait royaliste d'ailleurs ) et de fait retire cette fleur de lys de ta bio si tu ne veux pas l'Ãªtre",Bullying
https://www.instagram.com/p/Cjz-whbMcZU/,Reply,@joey.dbrs en revanche je trouverais intÃ©ressant que nous dÃ©battions de Ã§a en privÃ©,Bullying
https://www.instagram.com/p/Cjz-whbMcZU/,Reply,"@ju.les_btn ne pas Ãªtre royaliste ne veut pas dire ne pas Ãªtre Patriote. Et il me semble qu'aujourd'hui, la fleur de lys est davantage considÃ©rÃ©e comme un symbole patriotique que royaliste. Ravi que tu me rÃ©pondes avec respect, et bien Ã©videmment mes DM sont ouverts, ce serait sympa de discuter.",None
https://www.instagram.com/p/Cjz-whbMcZU/,Comment,Cesr quoi uni ?,None
https://www.instagram.com/p/Cjz-whbMcZU/,Reply,@sherana95 tu es pas gauloise tu es juste une gauchiste de m****,Hate Speech
https://www.instagram.com/p/Cjz-whbMcZU/,Reply,@sherana95 tu es pas gauloise tu es juste une gauchiste de m****,Hate Speech
https://www.instagram.com/p/Cjz-whbMcZU/,Reply,"@zidi.pierreantoine je suis plus franÃ§aise que toi mon chaton, n'est pas la haine de pas avoir de sang gaulois ğŸ¥°",Hate Speech
https://www.instagram.com/p/Cjz-whbMcZU/,Reply,@sherana95 lol mon grand pÃ¨re est franÃ§ais de souche donc viens pas me faire la diva ici la militante Â« antifasciste Â» bobo gauchiste !,Hate Speech
https://www.instagram.com/p/Cjz-whbMcZU/,Reply,"@zidi.pierreantoine ton grand pÃ¨re.... ğŸ¤£ğŸ¤£ğŸ¤£ Mon chaton Ã§a fais des gÃ©nÃ©rations qu'on vient de famille monarque, alalala vas a l'Ã©cole aprÃ¨s peut Ãªtre que t'auras l'autorisation de sortir",Bullying
https://www.instagram.com/p/Cjz-whbMcZU/,Reply,@sherana95 je suis dÃ©jÃ  en cours pauvre c**** toi par contre va boire ta 8.6,Bullying
https://www.instagram.com/p/Cjz-whbMcZU/,Reply,@zidi.pierreantoine ğŸ¤¡ğŸ¤¡ğŸ¤¡ğŸ¤¡ğŸ¤¡ğŸ¤¡,Bullying
https://www.instagram.com/p/Cjz-whbMcZU/,Reply,@zidi.pierreantoine d'accord zinedine,Bullying
https://www.instagram.com/p/Cjz-whbMcZU/,Comment,Les tocards toujours plus de bruit et de surjeu sur internet mais toujours rien sur le terrain,Hate Speech
https://www.instagram.com/p/Cjz-whbMcZU/,Reply,@tevatevateva Ã§a sera toujours plus que l'uni,None
https://www.instagram.com/p/Cjz-whbMcZU/,Reply,@tevatevateva Oui oui dâ€™accord en attendant tes potes se sont chiÃ©s dessus quand des comptes leur ont Ã©tÃ© demandÃ©s,Bullying
https://www.instagram.com/p/Cjz-whbMcZU/,Reply,"@tevatevateva l'Uni existe depuis un demi-siÃ¨cle et derniÃ¨rement on ne peut pas dire que le bilan soit glorieux. Effectivement vous maÃ®trisez le fait de ramasser des subventions, prendre des salaires pour militer et des postes chez LR, sans oublier bien sÃ»r l'art de se faire couilloner par la gauche.",Bullying
https://www.instagram.com/p/Cjz-whbMcZU/,Reply,@tevatevateva Ok Pecresse,Bullying
https://www.instagram.com/p/Cjz-whbMcZU/,Comment,Vous en racontez de la merde bande de sombres putes. Vous Ãªtes qu'une bande d'opportunistes sans convictions. L'UNI est et restera toujours la vrai droite dans les facs ğŸ’ªğŸ¼,Racism
https://www.instagram.com/p/Cjz-whbMcZU/,Reply,"@paul_steiger_ oui lâ€™uni restera surtout des grandes baltringue de carriÃ©ristes, suce en silence stp",Hate Speech
https://www.instagram.com/p/Cjz-whbMcZU/,Reply,"@paul_steiger_ vous avez assumÃ© avoir recollÃ© un collage intact d'hommage Ã  Samuel paty, portez vos couilles et assumez",Bullying
https://www.instagram.com/p/Cjz-whbMcZU/,Reply,@paul_steiger_ sombre quoi ? (les screens et les preuves sont toutes lÃ ),None
https://www.instagram.com/p/Cjz-whbMcZU/,Reply,"Et des couilles, c'est quand que t'en auras petite pucelle ?",Bullying
https://www.instagram.com/p/Cjz-whbMcZU/,Reply,@cocardelyon prend autant de screen que tu veux ma biche je me cache pas j'ai pas besoin ğŸ˜˜,Bullying
https://www.instagram.com/p/Cjz-whbMcZU/,Reply,@paul_steiger_ on parle des screens de tes potes dans la vidÃ©o qui se chient dessus quand des comptes leurs sont demandes,Hate Speech
https://www.instagram.com/p/Cjz-whbMcZU/,Reply,@paul_steiger_ garde ton calme pleutre agitateur,Bullying
https://www.instagram.com/p/Cjz-whbMcZU/,Reply,@paul_steiger_ ouais dis leur ğŸ”¥ğŸ”¥ğŸ”¥ğŸ”¥ mais aprÃ¨s je respecte ğŸ”¥ toutes les ğŸ”¥ğŸ”¥ğŸ”¥ ğŸ”¥opiğŸ”¥nions donc gros respğŸ”¥ect Ã  la cocğŸ”¥arde mais faut ğŸ”¥ rester UNIğŸ”¥S,None
https://www.instagram.com/p/Cjz-whbMcZU/,Reply,@paul_steiger_ mdrr tu te caches pas ? mais t'es en pv bichet assume un peu qu'on voit tout Ã§a,Bullying
https://www.instagram.com/p/Cjz-whbMcZU/,Reply,@anarchism_or_death toi tu t'allies Ã  des gens qui bousillent un hommage genre ? pour coller leurs affiches dÃ©gueulasse lÃ ,Bullying
https://www.instagram.com/p/Cjz-whbMcZU/,Reply,"@paul_steiger_ Ahahah insulter, la facilitÃ© toujours au rendez-vous pour lâ€™uni Vous me faites rire, soyez crÃ©dible 2min svp quand vous parlez Â« la vraie droite dans les facs Â»",Bullying
https://www.instagram.com/p/Cjz-whbMcZU/,Reply,"@paul_steiger_ si tâ€™as un problÃ¨me nâ€™hÃ©site pas Ã  passer en privÃ©, quâ€™on voit qui peut Ãªtre rÃ©ellement qualifiÃ© de â€œsombre puteâ€ ğŸ˜³",Racism
https://www.instagram.com/p/Cjz-whbMcZU/,Reply,"@paul_steiger_ On me dit dans lâ€™oreillette que ta section a lapinÃ©e et laissÃ©e une femme se faire casser la bouche par des antifas, pas mal la vraie droite dans les facs",None
https://www.instagram.com/p/Cjz-whbMcZU/,Reply,@paul_steiger_ jean pğŸ²,None